crossed_market_rows,expiries,maximum_spot,minimum_spot,missing_quote_rows,quote_date,raw_rows,strikes
32.0,37,324.87,324.87,3.0,2020-01-02T00:00:00,3674,303
31.0,38,322.43,322.43,3.0,2020-01-03T00:00:00,3735,303
31.0,37,323.68,323.68,0.0,2020-01-06T00:00:00,3638,305
21.0,37,322.74,322.74,0.0,2020-01-07T00:00:00,3615,305
23.0,37,324.39,324.39,0.0,2020-01-08T00:00:00,3684,305
44.0,37,326.59,326.59,0.0,2020-01-09T00:00:00,3717,306
42.0,38,325.64,325.64,0.0,2020-01-10T00:00:00,3897,306
47.0,37,327.92,327.92,0.0,2020-01-13T00:00:00,3885,307
40.0,37,327.42,327.42,0.0,2020-01-14T00:00:00,3851,307
41.0,37,328.16,328.16,0.0,2020-01-15T00:00:00,3864,307
32.0,36,330.86,330.86,0.0,2020-01-16T00:00:00,3797,307
26.0,37,332.01,332.01,0.0,2020-01-17T00:00:00,3898,349
37.0,37,331.29,331.29,0.0,2020-01-21T00:00:00,3778,353
34.0,37,331.35,331.35,0.0,2020-01-22T00:00:00,3801,353
33.0,37,331.8,331.8,0.0,2020-01-23T00:00:00,3840,354
19.0,38,328.74,328.74,0.0,2020-01-24T00:00:00,3924,354
23.0,37,323.51,323.51,0.0,2020-01-27T00:00:00,3857,359
29.0,37,326.88,326.88,0.0,2020-01-28T00:00:00,3899,359
26.0,37,326.62,326.62,0.0,2020-01-29T00:00:00,3955,359
37.0,37,327.62,327.62,0.0,2020-01-30T00:00:00,3935,359
12.0,38,321.75,321.75,0.0,2020-01-31T00:00:00,4006,359
27.0,37,324.12,324.12,0.0,2020-02-03T00:00:00,3928,314
34.0,37,329.06,329.06,0.0,2020-02-04T00:00:00,3906,308
35.0,37,332.84,332.84,0.0,2020-02-05T00:00:00,3947,308
41.0,37,333.93,333.93,0.0,2020-02-06T00:00:00,3981,308
29.0,38,332.24,332.24,0.0,2020-02-07T00:00:00,4049,308
41.0,37,334.75,334.75,0.0,2020-02-10T00:00:00,4005,308
46.0,37,335.27,335.27,0.0,2020-02-11T00:00:00,4010,308
44.0,37,337.44,337.44,0.0,2020-02-12T00:00:00,4060,315
32.0,37,337.17,337.17,0.0,2020-02-13T00:00:00,4089,318
33.0,38,337.6,337.6,0.0,2020-02-14T00:00:00,4136,318
37.0,38,336.73,336.73,0.0,2020-02-18T00:00:00,4074,309
38.0,37,338.32,338.32,0.0,2020-02-19T00:00:00,4053,317
26.0,36,336.99,336.99,0.0,2020-02-20T00:00:00,4014,317
31.0,37,333.45,333.45,0.0,2020-02-21T00:00:00,4059,317
16.0,37,322.42,322.42,0.0,2020-02-24T00:00:00,3982,309
11.0,37,312.59,312.59,0.0,2020-02-25T00:00:00,4089,317
14.0,37,311.61,311.61,0.0,2020-02-26T00:00:00,4320,317
13.0,37,297.68,297.68,3.0,2020-02-27T00:00:00,4320,324
5.0,38,296.24,296.24,3.0,2020-02-28T00:00:00,4624,324
12.0,37,308.9,308.9,0.0,2020-03-02T00:00:00,4725,316
8.0,37,300.32,300.32,0.0,2020-03-03T00:00:00,4727,328
11.0,37,313.05,313.05,0.0,2020-03-04T00:00:00,4774,328
9.0,37,302.51,302.51,0.0,2020-03-05T00:00:00,4759,329
13.0,38,297.46,297.46,0.0,2020-03-06T00:00:00,4858,329
11.0,37,274.48,274.48,0.0,2020-03-09T00:00:00,4935,325
10.0,37,288.39,288.39,0.0,2020-03-10T00:00:00,5031,325
5.0,37,274.25,274.25,0.0,2020-03-11T00:00:00,5299,347
4.0,37,247.91,247.91,0.0,2020-03-12T00:00:00,5319,353
4.0,38,270.94,270.94,0.0,2020-03-13T00:00:00,5748,366
6.0,37,239.75,239.75,0.0,2020-03-16T00:00:00,5648,366
4.0,37,254.1,254.1,0.0,2020-03-17T00:00:00,5720,366
5.0,37,241.23,241.23,0.0,2020-03-18T00:00:00,5791,366
6.0,36,240.94,240.94,0.0,2020-03-19T00:00:00,5816,366
7.0,37,228.95,228.95,0.0,2020-03-20T00:00:00,5879,370
7.0,36,222.21,222.21,0.0,2020-03-23T00:00:00,5666,369
9.0,36,242.0,242.0,0.0,2020-03-24T00:00:00,5664,357
7.0,36,246.79,246.79,0.0,2020-03-25T00:00:00,5716,365
11.0,36,261.14,261.14,0.0,2020-03-26T00:00:00,5543,361
13.0,37,254.0,254.0,0.0,2020-03-27T00:00:00,5679,361
11.0,36,261.56,261.56,0.0,2020-03-30T00:00:00,5530,361
10.0,36,257.6,257.6,0.0,2020-03-31T00:00:00,5429,361
11.0,36,246.04,246.04,1.0,2020-04-01T00:00:00,5385,361
17.0,36,251.99,251.99,1.0,2020-04-02T00:00:00,5309,362
23.0,37,247.95,247.95,0.0,2020-04-03T00:00:00,5357,362
12.0,36,264.79,264.79,0.0,2020-04-06T00:00:00,5136,325
16.0,36,265.18,265.18,0.0,2020-04-07T00:00:00,5059,325
14.0,36,274.0,274.0,0.0,2020-04-08T00:00:00,5132,325
17.0,37,278.22,278.22,0.0,2020-04-09T00:00:00,5169,325
23.0,36,275.63,275.63,0.0,2020-04-13T00:00:00,5078,324
28.0,36,283.8,283.8,0.0,2020-04-14T00:00:00,5030,324
20.0,36,277.75,277.75,0.0,2020-04-15T00:00:00,5141,324
21.0,35,278.96,278.96,0.0,2020-04-16T00:00:00,5072,324
23.0,36,286.56,286.56,0.0,2020-04-17T00:00:00,5104,324
15.0,36,281.76,281.76,0.0,2020-04-20T00:00:00,4923,312
24.0,36,273.11,273.11,0.0,2020-04-21T00:00:00,4917,312
24.0,36,279.04,279.04,0.0,2020-04-22T00:00:00,4990,312
29.0,36,279.01,279.01,0.0,2020-04-23T00:00:00,4938,312
20.0,37,282.89,282.89,0.0,2020-04-24T00:00:00,4986,312
21.0,36,287.1,287.1,0.0,2020-04-27T00:00:00,4890,305
26.0,36,285.69,285.69,0.0,2020-04-28T00:00:00,4784,305
26.0,36,293.15,293.15,0.0,2020-04-29T00:00:00,4849,305
15.0,36,290.26,290.26,0.0,2020-04-30T00:00:00,4963,305
19.0,37,282.83,282.83,0.0,2020-05-01T00:00:00,5023,305
31.0,36,283.59,283.59,0.0,2020-05-04T00:00:00,4907,299
26.0,36,286.15,286.15,0.0,2020-05-05T00:00:00,4843,299
24.0,36,284.37,284.37,0.0,2020-05-06T00:00:00,4903,299
23.0,36,287.7,287.7,0.0,2020-05-07T00:00:00,4864,299
24.0,37,292.51,292.51,0.0,2020-05-08T00:00:00,4911,299
41.0,36,292.62,292.62,0.0,2020-05-11T00:00:00,4839,299
34.0,36,286.55,286.55,0.0,2020-05-12T00:00:00,4821,299
20.0,36,281.48,281.48,0.0,2020-05-13T00:00:00,4867,299
25.0,35,285.04,285.04,0.0,2020-05-14T00:00:00,4804,299
24.0,36,286.29,286.29,0.0,2020-05-15T00:00:00,4834,299
29.0,35,294.94,294.94,0.0,2020-05-18T00:00:00,4608,263
27.0,35,292.21,292.21,0.0,2020-05-19T00:00:00,4566,263
35.0,35,296.99,296.99,0.0,2020-05-20T00:00:00,4636,273
20.0,35,294.84,294.84,0.0,2020-05-21T00:00:00,4652,273
27.0,36,295.48,295.48,0.0,2020-05-22T00:00:00,4731,273
25.0,36,299.2,299.2,0.0,2020-05-26T00:00:00,4637,271
23.0,35,303.55,303.55,0.0,2020-05-27T00:00:00,4622,271
31.0,36,303.02,303.02,0.0,2020-05-28T00:00:00,4709,271
22.0,37,304.04,304.04,0.0,2020-05-29T00:00:00,4816,271
28.0,36,305.45,305.45,0.0,2020-06-01T00:00:00,4740,257
40.0,36,308.08,308.08,0.0,2020-06-02T00:00:00,4721,257
44.0,36,312.09,312.09,0.0,2020-06-03T00:00:00,4782,257
31.0,36,311.34,311.34,0.0,2020-06-04T00:00:00,4858,257
34.0,37,319.4,319.4,0.0,2020-06-05T00:00:00,4908,257
42.0,36,323.15,323.15,0.0,2020-06-08T00:00:00,4956,258
36.0,36,320.94,320.94,0.0,2020-06-09T00:00:00,5045,278
34.0,36,319.03,319.03,0.0,2020-06-10T00:00:00,5112,278
17.0,36,300.69,300.69,0.0,2020-06-11T00:00:00,5057,278
13.0,37,304.33,304.33,0.0,2020-06-12T00:00:00,5161,278
30.0,36,307.11,307.11,0.0,2020-06-15T00:00:00,5118,278
22.0,36,312.95,312.95,0.0,2020-06-16T00:00:00,5008,278
31.0,36,311.66,311.66,0.0,2020-06-17T00:00:00,5046,278
23.0,36,308.53,308.53,0.0,2020-06-19T00:00:00,4984,278
22.0,35,310.67,310.67,0.0,2020-06-22T00:00:00,4759,258
29.0,35,311.99,311.99,0.0,2020-06-23T00:00:00,4674,258
17.0,35,304.15,304.15,0.0,2020-06-24T00:00:00,4758,267
30.0,35,307.31,307.31,0.0,2020-06-25T00:00:00,4744,267
24.0,36,299.98,299.98,0.0,2020-06-26T00:00:00,4794,267
37.0,35,304.44,304.44,0.0,2020-06-29T00:00:00,4761,267
19.0,35,308.57,308.57,0.0,2020-06-30T00:00:00,4669,267
30.0,35,310.6,310.6,1.0,2020-07-01T00:00:00,4663,267
26.0,36,312.22,312.22,1.0,2020-07-02T00:00:00,4677,267
31.0,35,317.01,317.01,0.0,2020-07-06T00:00:00,4589,267
34.0,35,313.75,313.75,0.0,2020-07-07T00:00:00,4587,267
30.0,35,316.16,316.16,0.0,2020-07-08T00:00:00,4646,267
22.0,35,314.57,314.57,0.0,2020-07-09T00:00:00,4630,267
28.0,36,317.62,317.62,0.0,2020-07-10T00:00:00,4690,267
23.0,35,314.85,314.85,0.0,2020-07-13T00:00:00,4623,267
30.0,35,318.89,318.89,0.0,2020-07-14T00:00:00,4604,267
30.0,35,321.98,321.98,0.0,2020-07-15T00:00:00,4666,267
27.0,34,320.86,320.86,0.0,2020-07-16T00:00:00,4633,267
21.0,35,321.7,321.7,0.0,2020-07-17T00:00:00,4666,267
34.0,34,324.27,324.27,0.0,2020-07-20T00:00:00,4471,267
32.0,34,324.9,324.9,0.0,2020-07-21T00:00:00,4448,267
27.0,34,326.82,326.82,0.0,2020-07-22T00:00:00,4470,267
23.0,34,322.96,322.96,0.0,2020-07-23T00:00:00,4498,267
25.0,35,320.91,320.91,0.0,2020-07-24T00:00:00,4558,267
28.0,34,323.29,323.29,0.0,2020-07-27T00:00:00,4477,267
33.0,34,321.27,321.27,0.0,2020-07-28T00:00:00,4432,267
22.0,34,325.01,325.01,0.0,2020-07-29T00:00:00,4483,267
36.0,34,323.96,323.96,0.0,2020-07-30T00:00:00,4473,267
29.0,35,326.42,326.42,0.0,2020-07-31T00:00:00,4529,267
35.0,34,328.67,328.67,0.0,2020-08-03T00:00:00,4468,267
36.0,34,330.06,330.06,0.0,2020-08-04T00:00:00,4452,267
37.0,34,332.03,332.03,0.0,2020-08-05T00:00:00,4506,267
34.0,34,334.31,334.31,0.0,2020-08-06T00:00:00,4479,267
46.0,35,334.57,334.57,0.0,2020-08-07T00:00:00,4590,267
43.0,34,335.56,335.56,0.0,2020-08-10T00:00:00,4552,267
35.0,34,332.8,332.8,0.0,2020-08-11T00:00:00,4539,267
40.0,34,337.43,337.43,0.0,2020-08-12T00:00:00,4591,267
42.0,34,336.82,336.82,0.0,2020-08-13T00:00:00,4541,267
39.0,35,336.85,336.85,0.0,2020-08-14T00:00:00,4669,267
35.0,34,337.9,337.9,0.0,2020-08-17T00:00:00,4609,267
35.0,34,338.58,338.58,1.0,2020-08-18T00:00:00,4530,267
38.0,34,337.13,337.13,0.0,2020-08-19T00:00:00,4529,267
38.0,33,338.31,338.31,0.0,2020-08-20T00:00:00,4460,267
42.0,34,339.45,339.45,0.0,2020-08-21T00:00:00,4498,267
40.0,33,342.89,342.89,0.0,2020-08-24T00:00:00,4398,267
35.0,32,344.12,344.12,0.0,2020-08-25T00:00:00,4318,267
34.0,34,347.63,347.63,0.0,2020-08-26T00:00:00,4409,267
25.0,34,348.33,348.33,0.0,2020-08-27T00:00:00,4358,267
17.0,35,350.57,350.57,0.0,2020-08-28T00:00:00,4464,267
27.0,34,349.37,349.37,0.0,2020-08-31T00:00:00,4615,267
28.0,34,352.67,352.67,0.0,2020-09-01T00:00:00,4507,267
27.0,34,357.78,357.78,0.0,2020-09-02T00:00:00,4570,267
8.0,34,345.53,345.53,0.0,2020-09-03T00:00:00,4677,274
12.0,35,342.52,342.52,0.0,2020-09-04T00:00:00,4705,274
30.0,35,333.24,333.24,0.0,2020-09-08T00:00:00,4626,274
27.0,34,339.78,339.78,0.0,2020-09-09T00:00:00,4538,274
23.0,34,333.92,333.92,0.0,2020-09-10T00:00:00,4493,274
17.0,35,334.1,334.1,0.0,2020-09-11T00:00:00,4639,274
24.0,35,338.44,338.44,0.0,2020-09-14T00:00:00,4539,274
30.0,35,340.12,340.12,0.0,2020-09-15T00:00:00,4625,274
24.0,35,338.88,338.88,0.0,2020-09-16T00:00:00,4625,274
28.0,34,335.84,335.84,0.0,2020-09-17T00:00:00,4593,274
26.0,35,330.75,330.75,0.0,2020-09-18T00:00:00,4644,274
18.0,34,327.13,327.13,0.0,2020-09-21T00:00:00,4467,270
28.0,34,330.3,330.3,0.0,2020-09-22T00:00:00,4480,270
23.0,34,322.54,322.54,0.0,2020-09-23T00:00:00,4524,270
27.0,34,323.42,323.42,0.0,2020-09-24T00:00:00,4552,281
31.0,35,328.68,328.68,0.0,2020-09-25T00:00:00,4606,281
38.0,34,334.25,334.25,0.0,2020-09-28T00:00:00,4506,281
29.0,36,332.43,332.43,0.0,2020-09-29T00:00:00,4545,281
24.0,36,334.87,334.87,0.0,2020-09-30T00:00:00,4646,281
27.0,37,336.97,336.97,0.0,2020-10-01T00:00:00,4677,282
21.0,38,334.02,334.02,0.0,2020-10-02T00:00:00,4792,283
26.0,37,339.75,339.75,0.0,2020-10-05T00:00:00,4710,283
10.0,37,334.95,334.95,0.0,2020-10-06T00:00:00,4678,283
21.0,37,340.75,340.75,0.0,2020-10-07T00:00:00,4721,283
28.0,37,343.65,343.65,0.0,2020-10-08T00:00:00,4711,283
31.0,38,346.73,346.73,0.0,2020-10-09T00:00:00,4800,283
36.0,37,352.36,352.36,0.0,2020-10-12T00:00:00,4757,282
27.0,37,350.17,350.17,0.0,2020-10-13T00:00:00,4836,282
37.0,37,347.93,347.93,0.0,2020-10-14T00:00:00,4889,282
27.0,36,347.54,347.54,0.0,2020-10-15T00:00:00,4798,282
38.0,37,347.24,347.24,0.0,2020-10-16T00:00:00,4823,282
17.0,36,342.13,342.13,0.0,2020-10-19T00:00:00,4615,280
18.0,36,343.32,343.32,0.0,2020-10-20T00:00:00,4559,280
24.0,36,342.65,342.65,0.0,2020-10-21T00:00:00,4608,280
21.0,36,344.67,344.67,0.0,2020-10-22T00:00:00,4593,280
20.0,37,345.64,345.64,0.0,2020-10-23T00:00:00,4639,280
15.0,36,339.52,339.52,0.0,2020-10-26T00:00:00,4571,280
30.0,36,338.33,338.33,0.0,2020-10-27T00:00:00,4520,279
16.0,36,326.67,326.67,0.0,2020-10-28T00:00:00,4588,279
19.0,36,330.0,330.0,0.0,2020-10-29T00:00:00,4706,279
8.0,37,326.74,326.74,0.0,2020-10-30T00:00:00,5096,279
15.0,36,330.16,330.16,0.0,2020-11-02T00:00:00,5025,279
21.0,36,335.91,335.91,0.0,2020-11-03T00:00:00,4934,279
22.0,36,343.46,343.46,0.0,2020-11-04T00:00:00,4994,279
36.0,36,350.21,350.21,0.0,2020-11-05T00:00:00,4982,279
31.0,37,350.19,350.19,0.0,2020-11-06T00:00:00,5073,279
24.0,36,354.53,354.53,0.0,2020-11-09T00:00:00,4995,279
28.0,36,354.07,354.07,0.0,2020-11-10T00:00:00,5146,288
27.0,36,356.72,356.72,0.0,2020-11-11T00:00:00,5186,288
38.0,35,353.33,353.33,0.0,2020-11-12T00:00:00,5067,288
40.0,36,358.1,358.1,0.0,2020-11-13T00:00:00,5119,288
39.0,35,362.45,362.45,0.0,2020-11-16T00:00:00,4996,288
28.0,35,360.72,360.72,0.0,2020-11-17T00:00:00,4938,290
39.0,35,356.25,356.25,0.0,2020-11-18T00:00:00,4982,290
32.0,34,357.78,357.78,0.0,2020-11-19T00:00:00,4869,290
31.0,35,355.34,355.34,0.0,2020-11-20T00:00:00,4896,290
26.0,34,357.54,357.54,0.0,2020-11-23T00:00:00,4686,290
29.0,34,363.22,363.22,0.0,2020-11-24T00:00:00,4583,290
52.0,35,362.49,362.49,0.0,2020-11-25T00:00:00,4742,297
34.0,34,362.31,362.31,0.0,2020-11-30T00:00:00,4583,297
24.0,34,365.97,365.97,0.0,2020-12-01T00:00:00,4502,297
29.0,34,366.82,366.82,0.0,2020-12-02T00:00:00,4545,297
24.0,34,366.68,366.68,0.0,2020-12-03T00:00:00,4506,299
40.0,35,369.81,369.81,0.0,2020-12-04T00:00:00,4590,299
26.0,34,369.14,369.14,0.0,2020-12-07T00:00:00,4541,299
39.0,34,370.2,370.2,0.0,2020-12-08T00:00:00,4478,299
21.0,34,366.95,366.95,0.0,2020-12-09T00:00:00,4537,300
28.0,34,366.77,366.77,0.0,2020-12-10T00:00:00,4508,301
29.0,35,366.24,366.24,0.0,2020-12-11T00:00:00,4555,301
37.0,34,364.66,364.66,0.0,2020-12-14T00:00:00,4456,295
29.0,34,369.59,369.59,0.0,2020-12-15T00:00:00,4547,295
32.0,34,370.17,370.17,0.0,2020-12-16T00:00:00,4579,295
21.0,33,372.24,372.24,0.0,2020-12-17T00:00:00,4608,295
21.0,34,369.23,369.23,0.0,2020-12-18T00:00:00,4624,295
19.0,34,367.65,367.65,0.0,2020-12-21T00:00:00,4483,297
31.0,34,367.24,367.24,0.0,2020-12-22T00:00:00,4468,297
18.0,34,367.57,367.57,0.0,2020-12-23T00:00:00,4569,297
31.0,34,372.22,372.22,0.0,2020-12-28T00:00:00,4433,297
24.0,35,371.57,371.57,0.0,2020-12-29T00:00:00,4448,298
26.0,35,371.99,371.99,0.0,2020-12-30T00:00:00,4541,298
17.0,36,373.93,373.93,0.0,2020-12-31T00:00:00,4593,298
0.0,36,368.84,368.84,0.0,2021-01-04T00:00:00,4601,298
1.0,36,371.31,371.31,0.0,2021-01-05T00:00:00,4622,299
0.0,36,373.49,373.49,0.0,2021-01-06T00:00:00,4752,299
1.0,36,379.06,379.06,0.0,2021-01-07T00:00:00,4708,299
0.0,37,381.24,381.24,0.0,2021-01-08T00:00:00,4841,303
0.0,36,378.75,378.75,0.0,2021-01-11T00:00:00,4775,307
0.0,36,378.82,378.82,0.0,2021-01-12T00:00:00,4756,307
0.0,36,379.75,379.75,0.0,2021-01-13T00:00:00,4862,307
1.0,36,378.45,378.45,0.0,2021-01-14T00:00:00,4805,307
1.0,37,375.67,375.67,0.0,2021-01-15T00:00:00,4933,309
0.0,37,378.64,378.64,0.0,2021-01-19T00:00:00,4665,301
15.0,36,383.85,383.85,0.0,2021-01-20T00:00:00,4583,301
0.0,36,384.19,384.19,0.0,2021-01-21T00:00:00,4567,302
0.0,37,382.82,382.82,0.0,2021-01-22T00:00:00,4632,303
0.0,36,384.4,384.4,0.0,2021-01-25T00:00:00,4532,303
0.0,36,383.83,383.83,0.0,2021-01-26T00:00:00,4431,303
0.0,36,374.34,374.34,0.0,2021-01-27T00:00:00,4602,306
0.0,36,377.63,377.63,0.0,2021-01-28T00:00:00,4549,306
0.0,37,370.25,370.25,0.0,2021-01-29T00:00:00,4908,306
0.0,36,376.19,376.19,0.0,2021-02-01T00:00:00,4820,305
0.0,36,381.47,381.47,0.0,2021-02-02T00:00:00,4873,305
0.0,36,381.87,381.87,0.0,2021-02-03T00:00:00,4901,305
0.0,36,386.18,386.18,0.0,2021-02-04T00:00:00,4958,305
0.0,37,387.66,387.66,0.0,2021-02-05T00:00:00,5007,305
0.0,36,390.52,390.52,0.0,2021-02-08T00:00:00,4908,303
0.0,36,390.27,390.27,0.0,2021-02-09T00:00:00,4823,303
1.0,36,390.09,390.09,0.0,2021-02-10T00:00:00,4855,304
0.0,36,390.71,390.71,0.0,2021-02-11T00:00:00,4808,305
1.0,37,392.73,392.73,0.0,2021-02-12T00:00:00,4846,305
0.0,37,392.4,392.4,0.0,2021-02-16T00:00:00,5012,310
0.0,36,392.43,392.43,0.0,2021-02-17T00:00:00,4941,311
0.0,35,390.83,390.83,0.0,2021-02-18T00:00:00,4823,311
0.0,36,390.03,390.03,0.0,2021-02-19T00:00:00,4840,311
0.0,35,387.1,387.1,0.0,2021-02-22T00:00:00,4877,311
0.0,35,387.52,387.52,17.0,2021-02-23T00:00:00,4785,311
0.0,35,391.77,391.77,42.0,2021-02-24T00:00:00,4816,311
0.0,35,382.3,382.3,25.0,2021-02-25T00:00:00,4738,312
0.0,37,380.36,380.36,0.0,2021-02-26T00:00:00,4956,312
0.0,37,389.52,389.52,0.0,2021-03-01T00:00:00,5027,312
0.0,37,386.55,386.55,0.0,2021-03-02T00:00:00,4938,312
0.0,37,381.46,381.46,0.0,2021-03-03T00:00:00,4963,312
0.0,37,376.68,376.68,0.0,2021-03-04T00:00:00,4905,312
0.0,38,383.6,383.6,0.0,2021-03-05T00:00:00,4960,312
0.0,37,381.73,381.73,0.0,2021-03-08T00:00:00,4852,312
2.0,37,387.11,387.11,0.0,2021-03-09T00:00:00,4757,312
0.0,37,389.48,389.48,0.0,2021-03-10T00:00:00,4783,312
0.0,37,393.48,393.48,0.0,2021-03-11T00:00:00,4998,312
0.0,38,394.02,394.02,0.0,2021-03-12T00:00:00,5039,312
0.0,37,396.46,396.46,0.0,2021-03-15T00:00:00,4912,311
0.0,37,395.94,395.94,0.0,2021-03-16T00:00:00,4845,311
0.0,37,397.24,397.24,0.0,2021-03-17T00:00:00,4845,311
0.0,36,391.34,391.34,0.0,2021-03-18T00:00:00,4728,311
1.0,37,389.47,389.47,0.0,2021-03-19T00:00:00,4748,311
0.0,36,392.53,392.53,0.0,2021-03-22T00:00:00,4535,295
0.0,36,389.59,389.59,0.0,2021-03-23T00:00:00,4442,295
0.0,36,387.49,387.49,0.0,2021-03-24T00:00:00,4466,295
0.0,36,389.62,389.62,0.0,2021-03-25T00:00:00,4420,295
7.0,38,395.84,395.84,0.0,2021-03-26T00:00:00,4502,295
3.0,37,395.76,395.76,0.0,2021-03-29T00:00:00,4454,295
5.0,37,394.78,394.78,0.0,2021-03-30T00:00:00,4410,295
0.0,37,396.19,396.19,0.0,2021-03-31T00:00:00,4434,295
0.0,39,400.53,400.53,0.0,2021-04-01T00:00:00,4420,278
0.0,38,406.27,406.27,0.0,2021-04-05T00:00:00,4329,279
1.0,38,406.06,406.06,0.0,2021-04-06T00:00:00,4324,281
0.0,38,406.57,406.57,0.0,2021-04-07T00:00:00,4353,282
1.0,38,408.48,408.48,0.0,2021-04-08T00:00:00,4341,284
0.0,39,411.44,411.44,0.0,2021-04-09T00:00:00,4598,291
3.0,38,411.63,411.63,0.0,2021-04-12T00:00:00,5025,296
0.0,38,412.79,412.79,0.0,2021-04-13T00:00:00,5195,297
0.0,38,411.5,411.5,0.0,2021-04-14T00:00:00,5345,299
0.0,37,415.83,415.83,0.0,2021-04-15T00:00:00,5240,299
0.0,38,417.35,417.35,0.0,2021-04-16T00:00:00,5295,300
1.0,37,415.24,415.24,0.0,2021-04-19T00:00:00,5229,303
1.0,37,412.22,412.22,0.0,2021-04-20T00:00:00,5247,303
0.0,37,416.08,416.08,0.0,2021-04-21T00:00:00,5274,303
0.0,37,412.35,412.35,0.0,2021-04-22T00:00:00,5299,304
0.0,38,416.71,416.71,0.0,2021-04-23T00:00:00,5324,304
4.0,37,417.65,417.65,0.0,2021-04-26T00:00:00,5228,302
0.0,37,417.46,417.46,0.0,2021-04-27T00:00:00,5162,303
1.0,37,417.39,417.39,0.0,2021-04-28T00:00:00,5299,304
0.0,37,419.99,419.99,0.0,2021-04-29T00:00:00,5251,305
0.0,38,417.28,417.28,0.0,2021-04-30T00:00:00,5276,305
0.0,37,418.17,418.17,0.0,2021-05-03T00:00:00,5352,307
0.0,37,415.64,415.64,0.0,2021-05-04T00:00:00,5259,307
1.0,37,415.72,415.72,0.0,2021-05-05T00:00:00,5307,307
2.0,37,419.05,419.05,0.0,2021-05-06T00:00:00,5257,307
0.0,38,422.07,422.07,0.0,2021-05-07T00:00:00,5289,307
0.0,37,417.91,417.91,0.0,2021-05-10T00:00:00,5184,307
7.0,37,414.27,414.27,0.0,2021-05-11T00:00:00,5098,307
0.0,37,405.57,405.57,0.0,2021-05-12T00:00:00,5336,307
0.0,37,410.27,410.27,0.0,2021-05-13T00:00:00,5291,307
0.0,38,416.54,416.54,0.0,2021-05-14T00:00:00,5339,307
1.0,37,415.52,415.52,0.0,2021-05-17T00:00:00,5382,305
0.0,37,411.94,411.94,0.0,2021-05-18T00:00:00,5367,305
4.0,37,410.89,410.89,0.0,2021-05-19T00:00:00,5388,305
0.0,36,415.1,415.1,0.0,2021-05-20T00:00:00,5402,306
0.0,37,414.97,414.97,0.0,2021-05-21T00:00:00,5511,306
0.0,36,419.12,419.12,0.0,2021-05-24T00:00:00,5360,306
0.0,35,418.25,418.25,0.0,2021-05-25T00:00:00,5248,306
0.0,35,419.02,419.02,0.0,2021-05-26T00:00:00,5278,306
9.0,35,419.2,419.2,0.0,2021-05-27T00:00:00,5222,306
0.0,36,420.05,420.05,0.0,2021-05-28T00:00:00,5274,306
0.0,36,419.64,419.64,0.0,2021-06-01T00:00:00,5150,306
0.0,35,420.37,420.37,0.0,2021-06-02T00:00:00,5136,306
0.0,35,418.82,418.82,0.0,2021-06-03T00:00:00,5151,306
0.0,36,422.56,422.56,0.0,2021-06-04T00:00:00,5212,306
0.0,35,422.23,422.23,0.0,2021-06-07T00:00:00,5109,306
0.0,35,422.27,422.27,0.0,2021-06-08T00:00:00,5096,306
1.0,35,421.65,421.65,0.0,2021-06-09T00:00:00,5231,307
0.0,35,423.61,423.61,0.0,2021-06-10T00:00:00,5231,308
0.0,36,424.34,424.34,0.0,2021-06-11T00:00:00,5302,308
1.0,35,425.33,425.33,0.0,2021-06-14T00:00:00,5191,309
7.0,35,424.51,424.51,0.0,2021-06-15T00:00:00,5113,309
0.0,35,422.09,422.09,0.0,2021-06-16T00:00:00,5145,309
0.0,34,421.89,421.89,0.0,2021-06-17T00:00:00,5019,309
0.0,34,414.93,414.93,0.0,2021-06-18T00:00:00,5038,309
0.0,34,420.84,420.84,0.0,2021-06-21T00:00:00,4958,309
1.0,34,423.09,423.09,0.0,2021-06-22T00:00:00,4856,309
0.0,34,422.64,422.64,0.0,2021-06-23T00:00:00,4989,311
0.0,34,425.1,425.1,0.0,2021-06-24T00:00:00,4972,311
0.0,35,426.63,426.63,0.0,2021-06-25T00:00:00,5057,317
4.0,34,427.49,427.49,0.0,2021-06-28T00:00:00,5000,318
0.0,34,427.69,427.69,0.0,2021-06-29T00:00:00,4957,318
3.0,35,428.14,428.14,0.0,2021-06-30T00:00:00,5190,320
0.0,36,430.5,430.5,0.0,2021-07-01T00:00:00,5244,301
1.0,37,433.76,433.76,0.0,2021-07-02T00:00:00,5334,302
0.0,37,432.88,432.88,0.0,2021-07-06T00:00:00,5322,299
3.0,36,434.5,434.5,0.0,2021-07-07T00:00:00,5295,300
7.0,36,430.87,430.87,0.0,2021-07-08T00:00:00,5218,300
5.0,37,435.44,435.44,0.0,2021-07-09T00:00:00,5361,300
0.0,36,437.2,437.2,0.0,2021-07-12T00:00:00,5382,301
0.0,36,435.72,435.72,1.0,2021-07-13T00:00:00,5215,302
1.0,36,436.29,436.29,0.0,2021-07-14T00:00:00,5411,303
0.0,35,434.65,434.65,0.0,2021-07-15T00:00:00,5328,303
1.0,36,431.38,431.38,0.0,2021-07-16T00:00:00,5347,303
1.0,35,424.93,424.93,0.0,2021-07-19T00:00:00,5240,303
0.0,35,431.07,431.07,0.0,2021-07-20T00:00:00,5129,303
3.0,35,434.55,434.55,0.0,2021-07-21T00:00:00,5166,303
0.0,35,435.51,435.51,0.0,2021-07-22T00:00:00,5110,303
2.0,36,439.9,439.9,0.0,2021-07-23T00:00:00,5191,303
0.0,35,440.99,440.99,0.0,2021-07-26T00:00:00,5109,309
0.0,35,439.04,439.04,0.0,2021-07-27T00:00:00,5112,309
1.0,35,438.86,438.86,0.0,2021-07-28T00:00:00,5212,309
0.0,35,440.67,440.67,0.0,2021-07-29T00:00:00,5295,309
0.0,36,438.5,438.5,0.0,2021-07-30T00:00:00,5363,309
0.0,35,437.6,437.6,0.0,2021-08-02T00:00:00,5285,309
6.0,35,441.17,441.17,0.0,2021-08-03T00:00:00,5199,309
0.0,35,439.02,439.02,0.0,2021-08-04T00:00:00,5299,310
0.0,35,441.73,441.73,0.0,2021-08-05T00:00:00,5270,310
0.0,36,442.47,442.47,0.0,2021-08-06T00:00:00,5331,310
0.0,35,442.14,442.14,0.0,2021-08-09T00:00:00,5192,309
0.0,35,442.67,442.67,0.0,2021-08-10T00:00:00,5158,309
0.0,35,443.73,443.73,0.0,2021-08-11T00:00:00,5359,309
3.0,35,445.06,445.06,0.0,2021-08-12T00:00:00,5345,310
0.0,36,445.92,445.92,0.0,2021-08-13T00:00:00,5505,312
0.0,35,447.06,447.06,0.0,2021-08-16T00:00:00,5354,307
0.0,35,443.95,443.95,0.0,2021-08-17T00:00:00,5303,309
2.0,35,439.25,439.25,0.0,2021-08-18T00:00:00,5338,309
1.0,34,439.87,439.87,0.0,2021-08-19T00:00:00,5246,309
0.0,35,443.36,443.36,1.0,2021-08-20T00:00:00,5264,309
0.0,34,447.27,447.27,1.0,2021-08-23T00:00:00,5151,309
0.0,34,447.96,447.96,1.0,2021-08-24T00:00:00,5076,310
0.0,34,448.88,448.88,1.0,2021-08-25T00:00:00,5096,310
0.0,34,446.33,446.33,1.0,2021-08-26T00:00:00,5039,312
0.0,35,450.25,450.25,1.0,2021-08-27T00:00:00,5199,312
0.0,34,452.18,452.18,1.0,2021-08-30T00:00:00,5102,312
0.0,34,451.6,451.6,1.0,2021-08-31T00:00:00,4965,313
0.0,34,451.85,451.85,1.0,2021-09-01T00:00:00,4965,313
0.0,34,453.21,453.21,1.0,2021-09-02T00:00:00,4962,316
0.0,35,453.08,453.08,1.0,2021-09-03T00:00:00,5032,316
0.0,35,451.52,451.52,1.0,2021-09-07T00:00:00,4919,316
0.0,34,450.97,450.97,1.0,2021-09-08T00:00:00,5021,317
0.0,34,448.89,448.89,1.0,2021-09-09T00:00:00,4939,323
0.0,35,445.52,445.52,1.0,2021-09-10T00:00:00,5127,323
0.0,35,446.56,446.56,1.0,2021-09-13T00:00:00,5144,323
0.0,35,444.19,444.19,1.0,2021-09-14T00:00:00,5125,323
0.0,35,447.88,447.88,1.0,2021-09-15T00:00:00,5245,323
0.0,34,447.15,447.15,1.0,2021-09-16T00:00:00,5211,323
24.0,35,441.52,441.52,1.0,2021-09-17T00:00:00,5384,323
2.0,34,434.01,434.01,1.0,2021-09-20T00:00:00,5208,323
1.0,34,433.74,433.74,1.0,2021-09-21T00:00:00,5358,323
0.0,34,437.78,437.78,1.0,2021-09-22T00:00:00,5462,323
1.0,34,443.13,443.13,1.0,2021-09-23T00:00:00,5402,323
0.0,35,443.92,443.92,1.0,2021-09-24T00:00:00,5540,323
0.0,34,442.67,442.67,1.0,2021-09-27T00:00:00,5362,323
4.0,34,433.66,433.66,1.0,2021-09-28T00:00:00,5285,323
0.0,34,434.37,434.37,1.0,2021-09-29T00:00:00,5315,323
101.0,34,429.0,429.0,1.0,2021-09-30T00:00:00,5282,323
1.0,35,434.19,434.19,1.0,2021-10-01T00:00:00,5325,323
0.0,34,428.7,428.7,1.0,2021-10-04T00:00:00,5270,323
0.0,34,433.06,433.06,1.0,2021-10-05T00:00:00,5227,323
0.0,34,434.9,434.9,1.0,2021-10-06T00:00:00,5278,323
0.0,34,438.62,438.62,1.0,2021-10-07T00:00:00,5210,323
1.0,35,437.83,437.83,1.0,2021-10-08T00:00:00,5319,323
0.0,34,434.69,434.69,1.0,2021-10-11T00:00:00,5249,323
0.0,34,433.64,433.64,1.0,2021-10-12T00:00:00,5174,323
0.0,34,435.18,435.18,1.0,2021-10-13T00:00:00,5245,323
0.0,33,442.47,442.47,1.0,2021-10-14T00:00:00,5143,323
0.0,34,445.87,445.87,1.0,2021-10-15T00:00:00,5219,323
0.0,33,447.25,447.25,1.0,2021-10-18T00:00:00,5096,323
1.0,33,450.7,450.7,1.0,2021-10-19T00:00:00,4997,323
1.0,33,452.39,452.39,1.0,2021-10-20T00:00:00,5080,323
1.0,33,453.63,453.63,1.0,2021-10-21T00:00:00,5053,325
0.0,34,453.15,453.15,1.0,2021-10-22T00:00:00,5127,326
0.0,33,455.48,455.48,1.0,2021-10-25T00:00:00,4997,326
4.0,33,455.96,455.96,1.0,2021-10-26T00:00:00,4999,337
0.0,35,453.92,453.92,1.0,2021-10-27T00:00:00,5189,338
3.0,35,458.27,458.27,1.0,2021-10-28T00:00:00,5229,338
0.0,36,459.22,459.22,1.0,2021-10-29T00:00:00,5380,339
0.0,35,460.07,460.07,1.0,2021-11-01T00:00:00,5257,339
0.0,35,461.87,461.87,1.0,2021-11-02T00:00:00,5272,340
0.0,35,464.73,464.73,1.0,2021-11-03T00:00:00,5425,344
0.0,35,466.86,466.86,1.0,2021-11-04T00:00:00,5450,360
2.0,36,468.53,468.53,1.0,2021-11-05T00:00:00,5660,393
0.0,35,468.99,468.99,1.0,2021-11-08T00:00:00,5552,393
1.0,35,467.38,467.38,1.0,2021-11-09T00:00:00,5523,393
0.0,35,463.67,463.67,1.0,2021-11-10T00:00:00,5587,393
0.0,34,463.81,463.81,1.0,2021-11-11T00:00:00,5476,393
1.0,35,467.25,467.25,1.0,2021-11-12T00:00:00,5527,393
0.0,34,467.47,467.47,1.0,2021-11-15T00:00:00,5385,393
0.0,34,469.17,469.17,1.0,2021-11-16T00:00:00,5292,393
0.0,34,468.12,468.12,1.0,2021-11-17T00:00:00,5317,393
0.0,33,469.72,469.72,1.0,2021-11-18T00:00:00,5205,393
0.0,34,468.91,468.91,1.0,2021-11-19T00:00:00,5265,393
0.0,33,467.41,467.41,0.0,2021-11-22T00:00:00,5039,392
0.0,33,468.29,468.29,0.0,2021-11-23T00:00:00,5001,392
0.0,34,469.44,469.44,0.0,2021-11-24T00:00:00,5065,392
1.0,34,458.97,458.97,0.0,2021-11-26T00:00:00,5038,392
1.0,33,464.54,464.54,0.0,2021-11-29T00:00:00,5034,392
9.0,33,456.06,456.06,0.0,2021-11-30T00:00:00,4975,392
12.0,33,450.44,450.44,0.0,2021-12-01T00:00:00,5158,392
9.0,33,457.53,457.53,0.0,2021-12-02T00:00:00,5111,393
0.0,34,453.48,453.48,0.0,2021-12-03T00:00:00,5131,393
3.0,33,458.82,458.82,0.0,2021-12-06T00:00:00,5060,392
0.0,33,468.29,468.29,0.0,2021-12-07T00:00:00,5098,392
0.0,33,469.54,469.54,0.0,2021-12-08T00:00:00,5099,392
1.0,33,466.35,466.35,0.0,2021-12-09T00:00:00,5045,392
0.0,34,470.68,470.68,0.0,2021-12-10T00:00:00,5168,392
0.0,33,466.71,466.71,0.0,2021-12-13T00:00:00,5030,392
3.0,33,463.45,463.45,0.0,2021-12-14T00:00:00,4930,392
1.0,33,470.59,470.59,0.0,2021-12-15T00:00:00,4930,392
0.0,32,466.42,466.42,0.0,2021-12-16T00:00:00,4842,392
0.0,33,459.86,459.86,0.0,2021-12-17T00:00:00,4964,392
0.0,33,454.99,454.99,0.0,2021-12-20T00:00:00,4816,360
0.0,33,463.01,463.01,0.0,2021-12-21T00:00:00,4813,360
0.0,33,467.71,467.71,0.0,2021-12-22T00:00:00,4847,360
0.0,34,470.57,470.57,0.0,2021-12-23T00:00:00,4848,360
0.0,33,477.26,477.26,0.0,2021-12-27T00:00:00,4838,360
0.0,33,476.92,476.92,0.0,2021-12-28T00:00:00,4744,360
0.0,33,477.48,477.48,0.0,2021-12-29T00:00:00,4813,360
0.0,33,476.14,476.14,0.0,2021-12-30T00:00:00,4727,360
3.0,34,475.08,475.08,0.0,2021-12-31T00:00:00,4812,360
0.0,34,477.77,477.77,0.0,2022-01-03T00:00:00,4764,360
1.0,34,477.56,477.56,0.0,2022-01-04T00:00:00,4705,360
0.0,34,468.46,468.46,0.0,2022-01-05T00:00:00,4750,360
1.0,34,467.93,467.93,0.0,2022-01-06T00:00:00,4713,360
1.0,35,466.02,466.02,0.0,2022-01-07T00:00:00,4850,360
0.0,34,465.44,465.44,0.0,2022-01-10T00:00:00,4733,360
3.0,34,469.63,469.63,0.0,2022-01-11T00:00:00,4687,360
0.0,34,470.96,470.96,0.0,2022-01-12T00:00:00,4729,360
21.0,34,464.78,464.78,0.0,2022-01-13T00:00:00,4680,360
1.0,35,464.66,464.66,0.0,2022-01-14T00:00:00,4774,360
0.0,34,464.72,464.72,94.0,2022-01-17T00:00:00,4603,345
0.0,35,456.59,456.59,0.0,2022-01-18T00:00:00,4623,345
0.0,34,451.81,451.81,0.0,2022-01-19T00:00:00,4555,345
1.0,33,446.65,446.65,0.0,2022-01-20T00:00:00,4536,345
3.0,34,438.16,438.16,0.0,2022-01-21T00:00:00,4656,345
1.0,34,439.88,439.88,0.0,2022-01-24T00:00:00,4493,345
3.0,34,434.51,434.51,0.0,2022-01-25T00:00:00,4588,345
6.0,34,433.21,433.21,0.0,2022-01-26T00:00:00,4761,345
0.0,34,431.16,431.16,0.0,2022-01-27T00:00:00,4763,345
0.0,35,441.85,441.85,0.0,2022-01-28T00:00:00,4870,345
0.0,34,449.88,449.88,0.0,2022-01-31T00:00:00,4805,345
0.0,34,452.88,452.88,0.0,2022-02-01T00:00:00,4780,345
0.0,34,457.23,457.23,0.0,2022-02-02T00:00:00,4837,345
0.0,34,446.66,446.66,0.0,2022-02-03T00:00:00,4802,345
0.0,35,448.6,448.6,0.0,2022-02-04T00:00:00,4961,345
0.0,34,447.24,447.24,0.0,2022-02-07T00:00:00,4808,345
0.0,34,450.82,450.82,0.0,2022-02-08T00:00:00,4965,345
0.0,34,457.36,457.36,0.0,2022-02-09T00:00:00,5049,345
1.0,34,449.28,449.28,0.0,2022-02-10T00:00:00,4992,345
0.0,35,440.47,440.47,0.0,2022-02-11T00:00:00,5058,345
1.0,34,438.98,438.98,0.0,2022-02-14T00:00:00,5018,345
0.0,34,445.94,445.94,0.0,2022-02-15T00:00:00,4904,345
1.0,34,446.65,446.65,0.0,2022-02-16T00:00:00,4946,345
0.0,33,437.17,437.17,0.0,2022-02-17T00:00:00,4799,345
0.0,34,434.16,434.16,0.0,2022-02-18T00:00:00,4874,345
0.0,33,434.23,434.23,75.0,2022-02-21T00:00:00,4642,345
0.0,34,429.65,429.65,0.0,2022-02-22T00:00:00,4718,345
15.0,33,421.97,421.97,0.0,2022-02-23T00:00:00,4757,345
3.0,33,428.06,428.06,0.0,2022-02-24T00:00:00,4726,345
1.0,34,437.66,437.66,0.0,2022-02-25T00:00:00,4938,345
2.0,34,436.52,436.52,0.0,2022-02-28T00:00:00,4907,345
8.0,34,429.99,429.99,0.0,2022-03-01T00:00:00,4788,345
0.0,34,437.79,437.79,0.0,2022-03-02T00:00:00,4850,345
0.0,34,435.67,435.67,0.0,2022-03-03T00:00:00,4737,345
0.0,35,432.25,432.25,0.0,2022-03-04T00:00:00,4812,345
0.0,34,419.55,419.55,0.0,2022-03-07T00:00:00,4691,345
7.0,34,416.38,416.38,0.0,2022-03-08T00:00:00,4626,345
21.0,34,427.36,427.36,0.0,2022-03-09T00:00:00,4952,345
0.0,34,425.49,425.49,0.0,2022-03-10T00:00:00,4840,345
0.0,35,420.09,420.09,0.0,2022-03-11T00:00:00,4970,345
0.0,34,416.98,416.98,0.0,2022-03-14T00:00:00,4874,345
1.0,34,426.05,426.05,0.0,2022-03-15T00:00:00,4901,345
0.0,34,435.65,435.65,0.0,2022-03-16T00:00:00,4945,345
0.0,33,440.76,440.76,0.0,2022-03-17T00:00:00,4762,345
1.0,34,444.27,444.27,0.0,2022-03-18T00:00:00,4845,345
0.0,33,444.38,444.38,0.0,2022-03-21T00:00:00,4828,345
0.0,33,449.59,449.59,0.0,2022-03-22T00:00:00,4738,335
0.0,33,443.84,443.84,0.0,2022-03-23T00:00:00,4882,335
0.0,33,450.42,450.42,0.0,2022-03-24T00:00:00,4825,335
14.0,34,452.55,452.55,0.0,2022-03-25T00:00:00,4914,335
1.0,33,455.85,455.85,0.0,2022-03-28T00:00:00,4864,335
0.0,33,461.51,461.51,0.0,2022-03-29T00:00:00,4722,330
4.0,33,458.41,458.41,0.0,2022-03-30T00:00:00,4795,330
1.0,33,451.77,451.77,0.0,2022-03-31T00:00:00,4746,330
0.0,34,452.92,452.92,0.0,2022-04-01T00:00:00,4828,330
3.0,33,456.7,456.7,0.0,2022-04-04T00:00:00,4713,330
2.0,33,451.06,451.06,0.0,2022-04-05T00:00:00,4670,330
0.0,33,446.58,446.58,0.0,2022-04-06T00:00:00,4711,330
0.0,33,448.79,448.79,0.0,2022-04-07T00:00:00,4593,330
0.0,34,447.63,447.63,0.0,2022-04-08T00:00:00,4712,330
0.0,33,440.03,440.03,0.0,2022-04-11T00:00:00,4555,330
4.0,33,438.29,438.29,0.0,2022-04-12T00:00:00,4470,330
14.0,33,443.37,443.37,0.0,2022-04-13T00:00:00,4637,330
0.0,33,437.94,437.94,0.0,2022-04-14T00:00:00,4496,330
0.0,32,437.79,437.79,22.0,2022-04-15T00:00:00,4258,299
0.0,32,437.95,437.95,0.0,2022-04-18T00:00:00,4301,299
0.0,32,444.89,444.89,0.0,2022-04-19T00:00:00,4346,301
0.0,32,444.6,444.6,0.0,2022-04-20T00:00:00,4430,301
1.0,32,438.05,438.05,0.0,2022-04-21T00:00:00,4378,307
0.0,33,426.06,426.06,0.0,2022-04-22T00:00:00,4437,307
6.0,32,428.5,428.5,0.0,2022-04-25T00:00:00,4347,307
11.0,32,416.17,416.17,0.0,2022-04-26T00:00:00,4451,335
1.0,32,417.21,417.21,0.0,2022-04-27T00:00:00,4451,335
15.0,32,427.86,427.86,0.0,2022-04-28T00:00:00,4335,340
1.0,33,412.13,412.13,0.0,2022-04-29T00:00:00,4414,340
7.0,32,414.55,414.55,0.0,2022-05-02T00:00:00,4492,340
5.0,32,416.37,416.37,0.0,2022-05-03T00:00:00,4479,340
0.0,32,428.97,428.97,0.0,2022-05-04T00:00:00,4536,340
0.0,32,414.15,414.15,0.0,2022-05-05T00:00:00,4444,340
1.0,33,411.41,411.41,0.0,2022-05-06T00:00:00,4517,340
1.0,33,398.33,398.33,0.0,2022-05-09T00:00:00,4362,340
0.0,33,399.18,399.18,0.0,2022-05-10T00:00:00,4328,340
0.0,37,392.37,392.37,12.0,2022-05-12T00:00:00,4506,348
2.0,37,401.58,401.58,12.0,2022-05-13T00:00:00,4835,348
3.0,33,400.16,400.16,0.0,2022-05-16T00:00:00,4725,348
12.0,33,408.26,408.26,0.0,2022-05-17T00:00:00,4628,348
2.0,33,392.11,392.11,0.0,2022-05-18T00:00:00,4645,348
0.0,32,389.46,389.46,0.0,2022-05-19T00:00:00,4531,348
1.0,33,389.59,389.59,0.0,2022-05-20T00:00:00,4729,348
1.0,32,396.83,396.83,0.0,2022-05-23T00:00:00,4534,326
0.0,32,393.97,393.97,0.0,2022-05-24T00:00:00,4490,326
0.0,32,397.36,397.36,0.0,2022-05-25T00:00:00,4639,326
0.0,32,405.2,405.2,0.0,2022-05-26T00:00:00,4549,326
0.0,33,415.31,415.31,0.0,2022-05-27T00:00:00,4784,326
0.0,32,415.26,415.26,235.0,2022-05-30T00:00:00,4599,326
15.0,34,412.8,412.8,0.0,2022-05-31T00:00:00,4762,326
30.0,33,409.64,409.64,0.0,2022-06-01T00:00:00,4675,326
0.0,33,417.37,417.37,0.0,2022-06-02T00:00:00,4573,326
0.0,34,410.59,410.59,0.0,2022-06-03T00:00:00,4880,326
0.0,33,411.76,411.76,0.0,2022-06-06T00:00:00,4676,321
1.0,33,415.69,415.69,0.0,2022-06-07T00:00:00,4554,321
8.0,33,411.28,411.28,0.0,2022-06-08T00:00:00,4653,321
0.0,33,401.48,401.48,0.0,2022-06-09T00:00:00,4545,321
8.0,34,389.81,389.81,0.0,2022-06-10T00:00:00,4681,321
1.0,34,375.01,375.01,0.0,2022-06-13T00:00:00,4613,320
0.0,34,373.83,373.83,0.0,2022-06-14T00:00:00,4498,320
0.0,34,379.15,379.15,0.0,2022-06-15T00:00:00,4651,320
0.0,33,366.89,366.89,0.0,2022-06-16T00:00:00,4558,320
0.0,34,365.86,365.86,55.0,2022-06-20T00:00:00,4871,320
0.0,34,375.08,375.08,0.0,2022-06-21T00:00:00,4871,320
0.0,33,374.35,374.35,0.0,2022-06-22T00:00:00,4817,320
0.0,34,378.12,378.12,0.0,2022-06-23T00:00:00,4817,323
7.0,34,388.66,388.66,0.0,2022-06-27T00:00:00,4795,322
12.0,34,380.72,380.72,0.0,2022-06-28T00:00:00,4769,322
3.0,34,380.37,380.37,0.0,2022-06-29T00:00:00,4829,322
21.0,34,377.28,377.28,0.0,2022-06-30T00:00:00,4724,322
8.0,35,381.2,381.2,0.0,2022-07-01T00:00:00,4738,319
0.0,34,381.24,381.24,239.0,2022-07-04T00:00:00,4564,319
0.0,35,381.95,381.95,0.0,2022-07-05T00:00:00,4628,319
0.0,34,383.31,383.31,0.0,2022-07-06T00:00:00,4493,319
0.0,34,388.97,388.97,0.0,2022-07-07T00:00:00,4422,319
27.0,35,388.69,388.69,0.0,2022-07-08T00:00:00,4500,319
0.0,34,384.33,384.33,0.0,2022-07-11T00:00:00,4532,319
7.0,34,380.87,380.87,0.0,2022-07-12T00:00:00,4604,319
8.0,34,378.87,378.87,0.0,2022-07-13T00:00:00,4604,319
1.0,33,377.96,377.96,0.0,2022-07-14T00:00:00,4585,319
17.0,34,385.09,385.09,0.0,2022-07-15T00:00:00,4707,319
0.0,33,381.99,381.99,0.0,2022-07-18T00:00:00,4502,319
1.0,33,392.28,392.28,0.0,2022-07-19T00:00:00,4469,319
0.0,33,394.76,394.76,0.0,2022-07-20T00:00:00,4531,319
2.0,33,398.82,398.82,0.0,2022-07-21T00:00:00,4569,319
4.0,34,395.1,395.1,0.0,2022-07-22T00:00:00,4627,319
3.0,33,395.54,395.54,0.0,2022-07-25T00:00:00,4573,319
0.0,33,390.92,390.92,0.0,2022-07-26T00:00:00,4542,319
1.0,33,401.01,401.01,0.0,2022-07-27T00:00:00,4605,319
0.0,33,406.04,406.04,0.0,2022-07-28T00:00:00,4554,319
11.0,34,412.05,412.05,0.0,2022-07-29T00:00:00,4660,319
7.0,33,410.72,410.72,0.0,2022-08-01T00:00:00,4618,316
10.0,33,408.13,408.13,0.0,2022-08-02T00:00:00,4532,316
22.0,33,414.41,414.41,2.0,2022-08-03T00:00:00,4578,316
20.0,33,414.2,414.2,0.0,2022-08-04T00:00:00,4568,320
7.0,34,413.44,413.44,0.0,2022-08-05T00:00:00,4666,320
17.0,33,413.01,413.01,0.0,2022-08-08T00:00:00,4555,319
0.0,33,411.35,411.35,0.0,2022-08-09T00:00:00,4504,319
11.0,33,419.95,419.95,0.0,2022-08-10T00:00:00,4541,319
0.0,32,420.0,420.0,0.0,2022-08-11T00:00:00,4472,319
7.0,34,427.06,427.06,18.0,2022-08-12T00:00:00,4604,319
8.0,34,428.86,428.86,20.0,2022-08-15T00:00:00,4512,319
0.0,32,429.69,429.69,0.0,2022-08-16T00:00:00,4432,319
4.0,32,426.67,426.67,0.0,2022-08-17T00:00:00,4445,319
2.0,31,427.84,427.84,0.0,2022-08-18T00:00:00,4326,319
11.0,32,422.14,422.14,0.0,2022-08-19T00:00:00,4456,319
10.0,31,413.41,413.41,0.0,2022-08-22T00:00:00,4275,319
4.0,31,412.33,412.33,0.0,2022-08-23T00:00:00,4196,319
8.0,31,413.63,413.63,0.0,2022-08-24T00:00:00,4278,319
7.0,31,419.5,419.5,0.0,2022-08-25T00:00:00,4196,319
8.0,32,405.31,405.31,0.0,2022-08-26T00:00:00,4377,319
16.0,31,402.65,402.65,0.0,2022-08-29T00:00:00,4281,316
4.0,31,398.17,398.17,0.0,2022-08-30T00:00:00,4306,316
11.0,31,395.13,395.13,0.0,2022-08-31T00:00:00,4331,316
1.0,31,396.39,396.39,0.0,2022-09-01T00:00:00,4296,316
8.0,32,392.27,392.27,0.0,2022-09-02T00:00:00,4392,316
0.0,31,392.24,392.24,96.0,2022-09-05T00:00:00,4214,316
18.0,32,390.79,390.79,0.0,2022-09-06T00:00:00,4250,316
9.0,31,397.79,397.79,0.0,2022-09-07T00:00:00,4200,316
3.0,31,400.39,400.39,0.0,2022-09-08T00:00:00,4124,316
7.0,32,406.57,406.57,0.0,2022-09-09T00:00:00,4314,316
17.0,32,410.94,410.94,0.0,2022-09-12T00:00:00,4272,316
17.0,32,393.12,393.12,0.0,2022-09-13T00:00:00,4183,316
42.0,32,394.61,394.61,0.0,2022-09-14T00:00:00,4215,316
4.0,31,390.15,390.15,0.0,2022-09-15T00:00:00,4101,316
7.0,32,385.65,385.65,0.0,2022-09-16T00:00:00,4297,316
16.0,31,388.54,388.54,0.0,2022-09-19T00:00:00,4067,316
3.0,31,384.16,384.16,0.0,2022-09-20T00:00:00,3997,316
11.0,31,377.4,377.4,0.0,2022-09-21T00:00:00,4080,316
10.0,31,374.22,374.22,0.0,2022-09-22T00:00:00,3994,316
16.0,32,367.93,367.93,0.0,2022-09-23T00:00:00,4204,316
36.0,31,364.32,364.32,0.0,2022-09-26T00:00:00,4229,315
4.0,31,363.39,363.39,0.0,2022-09-27T00:00:00,4166,315
17.0,31,370.49,370.49,0.0,2022-09-28T00:00:00,4254,315
7.0,31,362.84,362.84,0.0,2022-09-29T00:00:00,4239,315
18.0,32,357.27,357.27,0.0,2022-09-30T00:00:00,4337,315
33.0,32,366.62,366.62,0.0,2022-10-03T00:00:00,4195,315
2.0,32,377.8,377.8,0.0,2022-10-04T00:00:00,4137,315
76.0,33,377.12,377.12,0.0,2022-10-05T00:00:00,4414,315
0.0,33,373.21,373.21,0.0,2022-10-06T00:00:00,4486,315
0.0,34,362.91,362.91,0.0,2022-10-07T00:00:00,4583,315
1.0,33,360.07,360.07,0.0,2022-10-10T00:00:00,4457,312
66.0,33,357.76,357.76,0.0,2022-10-11T00:00:00,4358,312
0.0,33,356.58,356.58,0.0,2022-10-12T00:00:00,4396,312
0.0,33,365.96,365.96,0.0,2022-10-13T00:00:00,4308,317
2.0,34,357.66,357.66,0.0,2022-10-14T00:00:00,4562,317
0.0,33,366.79,366.79,0.0,2022-10-17T00:00:00,4438,317
0.0,33,371.15,371.15,0.0,2022-10-18T00:00:00,4455,317
0.0,33,368.51,368.51,0.0,2022-10-19T00:00:00,4476,317
4.0,32,365.52,365.52,0.0,2022-10-20T00:00:00,4345,317
0.0,33,374.3,374.3,0.0,2022-10-21T00:00:00,4400,317
0.0,32,378.8,378.8,0.0,2022-10-24T00:00:00,4212,317
0.0,32,384.81,384.81,0.0,2022-10-25T00:00:00,4104,317
0.0,32,382.12,382.12,0.0,2022-10-26T00:00:00,4104,317
22.0,32,380.17,380.17,0.0,2022-10-27T00:00:00,4075,320
1.0,33,388.97,388.97,0.0,2022-10-28T00:00:00,4170,320
0.0,32,386.15,386.15,0.0,2022-10-31T00:00:00,4090,317
0.0,32,384.59,384.59,0.0,2022-11-01T00:00:00,4217,317
4.0,32,374.86,374.86,0.0,2022-11-02T00:00:00,4271,317
8.0,31,371.09,371.09,0.0,2022-11-03T00:00:00,4134,317
0.0,34,376.36,376.36,0.0,2022-11-04T00:00:00,4407,318
11.0,33,380.01,380.01,0.0,2022-11-07T00:00:00,4339,318
0.0,33,382.0,382.0,0.0,2022-11-08T00:00:00,4289,318
0.0,33,374.09,374.09,0.0,2022-11-09T00:00:00,4344,318
1.0,32,394.62,394.62,0.0,2022-11-10T00:00:00,4221,318
1.0,32,398.61,398.61,0.0,2022-11-11T00:00:00,4365,318
1.0,34,395.16,395.16,0.0,2022-11-14T00:00:00,4452,318
0.0,33,398.52,398.52,0.0,2022-11-15T00:00:00,4438,318
1.0,34,395.49,395.49,0.0,2022-11-16T00:00:00,4549,318
0.0,33,394.25,394.25,0.0,2022-11-17T00:00:00,4426,318
2.0,32,396.14,396.14,0.0,2022-11-18T00:00:00,4386,318
74.0,31,394.59,394.59,0.0,2022-11-21T00:00:00,4205,318
0.0,30,399.9,399.9,0.0,2022-11-22T00:00:00,4243,318
0.0,31,402.42,402.42,0.0,2022-11-23T00:00:00,4195,321
0.0,30,402.42,402.42,77.0,2022-11-24T00:00:00,4051,321
0.0,30,402.33,402.33,0.0,2022-11-25T00:00:00,4108,321
1.0,30,395.93,395.93,0.0,2022-11-28T00:00:00,4163,321
0.0,29,395.31,395.31,0.0,2022-11-29T00:00:00,4044,321
19.0,29,407.54,407.54,0.0,2022-11-30T00:00:00,3955,321
0.0,31,407.4,407.4,0.0,2022-12-01T00:00:00,3978,321
0.0,30,406.87,406.87,0.0,2022-12-02T00:00:00,4090,321
6.0,29,399.58,399.58,0.0,2022-12-05T00:00:00,4144,316
0.0,29,393.87,393.87,0.0,2022-12-06T00:00:00,4067,316
37.0,30,393.11,393.11,0.0,2022-12-07T00:00:00,4097,316
0.0,30,396.26,396.26,0.0,2022-12-08T00:00:00,4021,316
0.0,30,393.29,393.29,0.0,2022-12-09T00:00:00,3932,316
0.0,29,398.92,398.92,0.0,2022-12-12T00:00:00,3975,316
0.0,29,401.95,401.95,0.0,2022-12-13T00:00:00,3941,330
0.0,29,399.41,399.41,0.0,2022-12-14T00:00:00,3936,330
0.0,29,389.71,389.71,0.0,2022-12-15T00:00:00,3831,330
0.0,27,380.02,380.02,0.0,2022-12-19T00:00:00,3761,320
0.0,27,380.49,380.49,0.0,2022-12-20T00:00:00,3707,320
0.0,27,386.21,386.21,0.0,2022-12-21T00:00:00,3694,320
2.0,27,380.72,380.72,0.0,2022-12-22T00:00:00,3616,320
2.0,27,382.88,382.88,0.0,2022-12-23T00:00:00,3625,306
0.0,26,382.91,382.91,172.0,2022-12-26T00:00:00,3468,305
0.0,26,381.38,381.38,0.0,2022-12-27T00:00:00,3469,305
0.0,27,376.71,376.71,0.0,2022-12-28T00:00:00,3523,305
0.0,29,383.33,383.33,0.0,2022-12-29T00:00:00,3589,305
0.0,29,382.44,382.44,0.0,2022-12-30T00:00:00,3743,305
