actual,artifact,check,expected,passed
226e08ee97e171c2fc08c59494830c2fc93e4c590fd12d96a3a24056791f7619,cross_underlying_vendor_iv_replication/atm_expiry_panel.parquet,logical_panel_hash,226e08ee97e171c2fc08c59494830c2fc93e4c590fd12d96a3a24056791f7619,true
2a9b6db393af46c231d62807a02a10d147a5f2bdc4e4ac36402449e0ec57e57d,cross_underlying_vendor_iv_replication/atm_tenor_panel.parquet,logical_panel_hash,2a9b6db393af46c231d62807a02a10d147a5f2bdc4e4ac36402449e0ec57e57d,true
bc50f3813bd62d638d37376e08698636084ea0b7c05cc50e730d67e693c44a88,pilot_a/atm_expiry_panel.parquet,logical_panel_hash,bc50f3813bd62d638d37376e08698636084ea0b7c05cc50e730d67e693c44a88,true
df5c17dcbbf2df80d2960a8143af8eb47e5bcab58b394da5905474bef782c442,pilot_a/atm_tenor_panel.parquet,logical_panel_hash,df5c17dcbbf2df80d2960a8143af8eb47e5bcab58b394da5905474bef782c442,true
7bd86a9daef4c9afa8fea4e713ac4ea3b29522f126802a531e76e3251eef0573,pilot_a_alt_carry/atm_expiry_panel.parquet,logical_panel_hash,7bd86a9daef4c9afa8fea4e713ac4ea3b29522f126802a531e76e3251eef0573,true
5f37aaa94bcf73f53dc7bdf89fbafdabe84b9cdf89a3ec99c0f0c6fd39ceb419,pilot_a_alt_carry/atm_tenor_panel.parquet,logical_panel_hash,5f37aaa94bcf73f53dc7bdf89fbafdabe84b9cdf89a3ec99c0f0c6fd39ceb419,true
2ada984e38177fe48e6605c6e0f8bff28448f89a1c90ea0375234f65b5cf6eaf,spy_2010_2023_vendor_iv_replication/atm_expiry_panel.parquet,logical_panel_hash,2ada984e38177fe48e6605c6e0f8bff28448f89a1c90ea0375234f65b5cf6eaf,true
adcea41e2c81d0f725e58899251f449bed1197636f17c8b0b15b9765c3796983,spy_2010_2023_vendor_iv_replication/atm_tenor_panel.parquet,logical_panel_hash,adcea41e2c81d0f725e58899251f449bed1197636f17c8b0b15b9765c3796983,true
2772ca9a1c0d6852d56d0499624ccb421a1eda21e201c4e09fc8aa8b4c58380b,D:\ncx-derivatives\data\raw\kaggle\common_uploader\aapl_2016_2023\_download\kaggle_dataset.zip,raw_file_sha256,2772ca9a1c0d6852d56d0499624ccb421a1eda21e201c4e09fc8aa8b4c58380b,true
a91178de952393c7782fd4d57bd6407daf5b203b7b591f7bf654b47443b39ebd,D:\ncx-derivatives\data\raw\kaggle\common_uploader\aapl_2016_2023\aapl_2016_2020.csv,raw_file_sha256,a91178de952393c7782fd4d57bd6407daf5b203b7b591f7bf654b47443b39ebd,true
1290825fae95ee72771953d0445d840c4e3dac866682014c7aa1b79759237d6b,D:\ncx-derivatives\data\raw\kaggle\common_uploader\aapl_2016_2023\aapl_2021_2023.csv,raw_file_sha256,1290825fae95ee72771953d0445d840c4e3dac866682014c7aa1b79759237d6b,true
c9debc40a840b62c671bd3a31605576704d642c673186703b24da79ed362aab9,D:\ncx-derivatives\data\raw\kaggle\common_uploader\aapl_2016_2023\kaggle_metadata.json,raw_file_sha256,c9debc40a840b62c671bd3a31605576704d642c673186703b24da79ed362aab9,true
3a7d1d72781680f748b4baec778b02fa69859215fb16a6bdead8135186ed7dd0,D:\ncx-derivatives\data\raw\kaggle\common_uploader\nvda_2020_2022\_download\kaggle_dataset.zip,raw_file_sha256,3a7d1d72781680f748b4baec778b02fa69859215fb16a6bdead8135186ed7dd0,true
144716b5f5e7f70a5d5cfd5fb484f4be719900875bc451617ef0d36cebde308b,D:\ncx-derivatives\data\raw\kaggle\common_uploader\nvda_2020_2022\kaggle_metadata.json,raw_file_sha256,144716b5f5e7f70a5d5cfd5fb484f4be719900875bc451617ef0d36cebde308b,true
c206424c16bb42e800bafa3316e2c0e714677cb1ffec4f4f771ef4f04666be7b,D:\ncx-derivatives\data\raw\kaggle\common_uploader\nvda_2020_2022\nvda_2020_2022.csv,raw_file_sha256,c206424c16bb42e800bafa3316e2c0e714677cb1ffec4f4f771ef4f04666be7b,true
25c1ebc91d49ba33e0337b4fc736e64c5c289183ae930db8977708e10f331ddc,D:\ncx-derivatives\data\raw\kaggle\common_uploader\qqq_2020_2022\_download\kaggle_dataset.zip,raw_file_sha256,25c1ebc91d49ba33e0337b4fc736e64c5c289183ae930db8977708e10f331ddc,true
37f1fbfd26b41b24ecb3e652f24b6158d2a3b751b16e002648eceb2e3331f130,D:\ncx-derivatives\data\raw\kaggle\common_uploader\qqq_2020_2022\kaggle_metadata.json,raw_file_sha256,37f1fbfd26b41b24ecb3e652f24b6158d2a3b751b16e002648eceb2e3331f130,true
9643b7adca5cce5b1e53b9dcc7a6455a253f9d81d2236a9676732001c3d6dd91,D:\ncx-derivatives\data\raw\kaggle\common_uploader\qqq_2020_2022\qqq_2020_2022.csv,raw_file_sha256,9643b7adca5cce5b1e53b9dcc7a6455a253f9d81d2236a9676732001c3d6dd91,true
33a7dc2dfe9dd7bd0f52f155e39511b4cf4ed2c1f91e23e9e8f54c1d486a1e5a,D:\ncx-derivatives\data\raw\kaggle\common_uploader\spy_2020_2022\_download\kaggle_dataset.zip,raw_file_sha256,33a7dc2dfe9dd7bd0f52f155e39511b4cf4ed2c1f91e23e9e8f54c1d486a1e5a,true
7d297047b5cd47a9f0fc0f930450204b93f86b55460cd1777eb37c1173762bf8,D:\ncx-derivatives\data\raw\kaggle\common_uploader\spy_2020_2022\kaggle_metadata.json,raw_file_sha256,7d297047b5cd47a9f0fc0f930450204b93f86b55460cd1777eb37c1173762bf8,true
28a28c48af986f4aa6f140935e08d594ee7b2b6780142ee831a8797439e7f043,D:\ncx-derivatives\data\raw\kaggle\common_uploader\spy_2020_2022\spy_2020_2022.csv,raw_file_sha256,28a28c48af986f4aa6f140935e08d594ee7b2b6780142ee831a8797439e7f043,true
24990b4924a55e6d9a009a95ce2f081fe078025fdff9de697d7dc0a4628955fa,D:\ncx-derivatives\data\raw\kaggle\common_uploader\tsla_2019_2022\_download\kaggle_dataset.zip,raw_file_sha256,24990b4924a55e6d9a009a95ce2f081fe078025fdff9de697d7dc0a4628955fa,true
8bc2b06dd76d6849b376c63e95cffd29d158afa0bfff2b807e4113e4711fb8cc,D:\ncx-derivatives\data\raw\kaggle\common_uploader\tsla_2019_2022\kaggle_metadata.json,raw_file_sha256,8bc2b06dd76d6849b376c63e95cffd29d158afa0bfff2b807e4113e4711fb8cc,true
8edf4c284f0253a2219308b9302be03d4c2e71feef13d823e3c3038f5f1bdabb,D:\ncx-derivatives\data\raw\kaggle\common_uploader\tsla_2019_2022\tsla_2019_2022.csv,raw_file_sha256,8edf4c284f0253a2219308b9302be03d4c2e71feef13d823e3c3038f5f1bdabb,true
pass,tests/research/test_research_001.py,unit_test_input_order_invariance,pass,true
